STATION,NAME,LATITUDE,LONGITUDE,ELEVATION,DATE,DAPR,MDPR,PRCP,SNOW,SNWD,TAVG,TMAX,TMIN,TOBS,WT01,WT02,WT03,WT04,WT05,WT06,WT08,WT11
USW00014821,"JOHN GLENN INTERNATIONAL AIRPORT, OH US",39.9907,-82.877,248.7,8/28/20,,,1.39,0,0,78,86,70,,1,,1,,,,,
USW00014821,"JOHN GLENN INTERNATIONAL AIRPORT, OH US",39.9907,-82.877,248.7,8/29/20,,,0,0,0,75,84,68,,,,,,,,,
USW00014821,"JOHN GLENN INTERNATIONAL AIRPORT, OH US",39.9907,-82.877,248.7,8/30/20,,,0,0,0,69,78,57,,,,,,,,,
USW00014821,"JOHN GLENN INTERNATIONAL AIRPORT, OH US",39.9907,-82.877,248.7,8/31/20,,,0,0,0,68,78,61,,,,,,,,,
USW00014821,"JOHN GLENN INTERNATIONAL AIRPORT, OH US",39.9907,-82.877,248.7,9/1/20,,,0.71,0,0,74,83,66,,1,1,,,,,,
USW00014821,"JOHN GLENN INTERNATIONAL AIRPORT, OH US",39.9907,-82.877,248.7,9/2/20,,,0.24,0,0,77,84,71,,1,,,,,,,
USW00014821,"JOHN GLENN INTERNATIONAL AIRPORT, OH US",39.9907,-82.877,248.7,9/3/20,,,0.07,0,0,73,83,69,,1,,,,,,,
USW00014821,"JOHN GLENN INTERNATIONAL AIRPORT, OH US",39.9907,-82.877,248.7,9/4/20,,,0,0,0,73,78,60,,,,,,,,,
USW00014821,"JOHN GLENN INTERNATIONAL AIRPORT, OH US",39.9907,-82.877,248.7,9/5/20,,,0,0,0,67,80,53,,,,,,,,,
USW00014821,"JOHN GLENN INTERNATIONAL AIRPORT, OH US",39.9907,-82.877,248.7,9/6/20,,,0,0,0,69,79,57,,,,,,,,,
USW00014821,"JOHN GLENN INTERNATIONAL AIRPORT, OH US",39.9907,-82.877,248.7,9/7/20,,,1.57,0,0,73,85,65,,1,,1,,,,,
USW00014821,"JOHN GLENN INTERNATIONAL AIRPORT, OH US",39.9907,-82.877,248.7,9/8/20,,,0.01,0,0,74,86,66,,,,1,,,,,
USW00014821,"JOHN GLENN INTERNATIONAL AIRPORT, OH US",39.9907,-82.877,248.7,9/9/20,,,0,0,0,76,87,65,,1,,,,,,,
USW00014821,"JOHN GLENN INTERNATIONAL AIRPORT, OH US",39.9907,-82.877,248.7,9/10/20,,,0,0,0,75,86,66,,1,,,,,,,
USW00014821,"JOHN GLENN INTERNATIONAL AIRPORT, OH US",39.9907,-82.877,248.7,9/11/20,,,0,0,0,68,70,62,,,,,,,,,
USW00014821,"JOHN GLENN INTERNATIONAL AIRPORT, OH US",39.9907,-82.877,248.7,9/12/20,,,0,0,0,70,86,58,,,,,,,,,
USW00014821,"JOHN GLENN INTERNATIONAL AIRPORT, OH US",39.9907,-82.877,248.7,9/13/20,,,0.63,0,0,75,80,65,,1,,,,,,,
USW00014821,"JOHN GLENN INTERNATIONAL AIRPORT, OH US",39.9907,-82.877,248.7,9/14/20,,,0,0,0,67,74,54,,,,,,,,,
USW00014821,"JOHN GLENN INTERNATIONAL AIRPORT, OH US",39.9907,-82.877,248.7,9/15/20,,,0,0,0,60,72,49,,,,,,,,,
USW00014821,"JOHN GLENN INTERNATIONAL AIRPORT, OH US",39.9907,-82.877,248.7,9/16/20,,,0,0,0,61,77,50,,,,,,,,,
USW00014821,"JOHN GLENN INTERNATIONAL AIRPORT, OH US",39.9907,-82.877,248.7,9/17/20,,,0,0,0,64,76,54,,1,1,,,,,,
USW00014821,"JOHN GLENN INTERNATIONAL AIRPORT, OH US",39.9907,-82.877,248.7,9/18/20,,,0,0,0,60,66,47,,,,,,,,,
USW00014821,"JOHN GLENN INTERNATIONAL AIRPORT, OH US",39.9907,-82.877,248.7,9/19/20,,,0,0,0,53,66,42,,,,,,,,,
USW00014821,"JOHN GLENN INTERNATIONAL AIRPORT, OH US",39.9907,-82.877,248.7,9/20/20,,,0,0,0,55,70,44,,,,,,,,,
USW00014821,"JOHN GLENN INTERNATIONAL AIRPORT, OH US",39.9907,-82.877,248.7,9/21/20,,,0,0,0,57,70,44,,,,,,,,,
USW00014821,"JOHN GLENN INTERNATIONAL AIRPORT, OH US",39.9907,-82.877,248.7,9/22/20,,,0,0,0,57,73,43,,,,,,,,,
USW00014821,"JOHN GLENN INTERNATIONAL AIRPORT, OH US",39.9907,-82.877,248.7,9/23/20,,,0,0,0,62,77,49,,,,,,,,,
USW00014821,"JOHN GLENN INTERNATIONAL AIRPORT, OH US",39.9907,-82.877,248.7,9/24/20,,,0,0,0,65,76,58,,,,,,,,,
USW00014821,"JOHN GLENN INTERNATIONAL AIRPORT, OH US",39.9907,-82.877,248.7,9/25/20,,,0,0,0,66,81,53,,,,,,,,,
USW00014821,"JOHN GLENN INTERNATIONAL AIRPORT, OH US",39.9907,-82.877,248.7,9/26/20,,,0,0,0,70,81,59,,,,,,,,,
USW00014821,"JOHN GLENN INTERNATIONAL AIRPORT, OH US",39.9907,-82.877,248.7,9/27/20,,,0,0,0,69,77,62,,,,,,,,,
USW00014821,"JOHN GLENN INTERNATIONAL AIRPORT, OH US",39.9907,-82.877,248.7,9/28/20,,,1.07,0,0,67,79,54,,1,,,,,,,
USW00014821,"JOHN GLENN INTERNATIONAL AIRPORT, OH US",39.9907,-82.877,248.7,9/29/20,,,0,0,0,56,62,50,,1,,,,,,,
USW00014821,"JOHN GLENN INTERNATIONAL AIRPORT, OH US",39.9907,-82.877,248.7,9/30/20,,,0,0,0,56,65,47,,,,,,,,,
USW00014821,"JOHN GLENN INTERNATIONAL AIRPORT, OH US",39.9907,-82.877,248.7,10/1/20,,,0,0,0,55,67,44,,,,,,,,,
USW00014821,"JOHN GLENN INTERNATIONAL AIRPORT, OH US",39.9907,-82.877,248.7,10/2/20,,,0,0,0,50,61,42,,,,,,,,,
USW00014821,"JOHN GLENN INTERNATIONAL AIRPORT, OH US",39.9907,-82.877,248.7,10/3/20,,,0,0,0,50,62,41,,,,,,,,,
USW00014821,"JOHN GLENN INTERNATIONAL AIRPORT, OH US",39.9907,-82.877,248.7,10/4/20,,,0.21,0,0,56,68,45,,1,,,,,,,
USW00014821,"JOHN GLENN INTERNATIONAL AIRPORT, OH US",39.9907,-82.877,248.7,10/5/20,,,0,0,0,47,56,41,,1,1,,,,,,
USW00014821,"JOHN GLENN INTERNATIONAL AIRPORT, OH US",39.9907,-82.877,248.7,10/6/20,,,0,0,0,53,71,39,,1,,,,,,,
USW00014821,"JOHN GLENN INTERNATIONAL AIRPORT, OH US",39.9907,-82.877,248.7,10/7/20,,,0,0,0,63,79,50,,,,,,,,1,
USW00014821,"JOHN GLENN INTERNATIONAL AIRPORT, OH US",39.9907,-82.877,248.7,10/8/20,,,0,0,0,59,71,43,,,,,,,,,
USW00014821,"JOHN GLENN INTERNATIONAL AIRPORT, OH US",39.9907,-82.877,248.7,10/9/20,,,0,0,0,59,76,45,,,,,,,,,
USW00014821,"JOHN GLENN INTERNATIONAL AIRPORT, OH US",39.9907,-82.877,248.7,10/10/20,,,0,0,0,66,73,61,,1,,,,,,,
USW00014821,"JOHN GLENN INTERNATIONAL AIRPORT, OH US",39.9907,-82.877,248.7,10/11/20,,,0,0,0,66,72,62,,1,,,,,,,
USW00014821,"JOHN GLENN INTERNATIONAL AIRPORT, OH US",39.9907,-82.877,248.7,10/12/20,,,0.3,0,0,68,76,55,,1,,1,,,,,
USW00014821,"JOHN GLENN INTERNATIONAL AIRPORT, OH US",39.9907,-82.877,248.7,10/13/20,,,0,0,0,59,67,45,,,,,,,,,
USW00014821,"JOHN GLENN INTERNATIONAL AIRPORT, OH US",39.9907,-82.877,248.7,10/14/20,,,0,0,0,56,72,43,,,,,,,,,
USW00014821,"JOHN GLENN INTERNATIONAL AIRPORT, OH US",39.9907,-82.877,248.7,10/15/20,,,0.17,0,0,60,64,48,,1,,,,,,,
USW00014821,"JOHN GLENN INTERNATIONAL AIRPORT, OH US",39.9907,-82.877,248.7,10/16/20,,,0,0,0,49,56,37,,,,,,,,,
USW00014821,"JOHN GLENN INTERNATIONAL AIRPORT, OH US",39.9907,-82.877,248.7,10/17/20,,,0,0,0,45,61,33,,,,,,,,,
USW00014821,"JOHN GLENN INTERNATIONAL AIRPORT, OH US",39.9907,-82.877,248.7,10/18/20,,,0.03,0,0,51,57,45,,,,,,,,,
USW00014821,"JOHN GLENN INTERNATIONAL AIRPORT, OH US",39.9907,-82.877,248.7,10/19/20,,,0.98,0,0,54,58,52,,1,,,,,,,
USW00014821,"JOHN GLENN INTERNATIONAL AIRPORT, OH US",39.9907,-82.877,248.7,10/20/20,,,0.22,0,0,53,57,50,,1,,,,,,,
USW00014821,"JOHN GLENN INTERNATIONAL AIRPORT, OH US",39.9907,-82.877,248.7,10/21/20,,,0,0,0,60,68,56,,1,1,,,,,,
USW00014821,"JOHN GLENN INTERNATIONAL AIRPORT, OH US",39.9907,-82.877,248.7,10/22/20,,,0,0,0,65,80,53,,1,1,,,,,,
USW00014821,"JOHN GLENN INTERNATIONAL AIRPORT, OH US",39.9907,-82.877,248.7,10/23/20,,,0.81,0,0,67,78,53,,1,,1,,,,,
USW00014821,"JOHN GLENN INTERNATIONAL AIRPORT, OH US",39.9907,-82.877,248.7,10/24/20,,,0,0,0,52,53,41,,,,,,,,,
USW00014821,"JOHN GLENN INTERNATIONAL AIRPORT, OH US",39.9907,-82.877,248.7,10/25/20,,,0,0,0,46,52,41,,,,,,,,,
USW00014821,"JOHN GLENN INTERNATIONAL AIRPORT, OH US",39.9907,-82.877,248.7,10/26/20,,,0.03,0,0,49,52,45,,1,,,,,,,
USW00014821,"JOHN GLENN INTERNATIONAL AIRPORT, OH US",39.9907,-82.877,248.7,10/27/20,,,0.04,0,0,47,51,45,,1,,,,,,1,
USW00014821,"JOHN GLENN INTERNATIONAL AIRPORT, OH US",39.9907,-82.877,248.7,10/28/20,,,0.15,0,0,49,53,47,,1,,,,,,,
USW00014821,"JOHN GLENN INTERNATIONAL AIRPORT, OH US",39.9907,-82.877,248.7,10/29/20,,,1.25,0,0,49,50,45,,1,,,,,,,
USW00014821,"JOHN GLENN INTERNATIONAL AIRPORT, OH US",39.9907,-82.877,248.7,10/30/20,,,0,0,0,45,48,37,,1,,,,,,,
USW00014821,"JOHN GLENN INTERNATIONAL AIRPORT, OH US",39.9907,-82.877,248.7,10/31/20,,,0,0,0,41,54,30,,,,,,,,,
USW00014821,"JOHN GLENN INTERNATIONAL AIRPORT, OH US",39.9907,-82.877,248.7,11/1/20,,,0,0,0,47,54,33,,,,,,,,,
USW00014821,"JOHN GLENN INTERNATIONAL AIRPORT, OH US",39.9907,-82.877,248.7,11/2/20,,,0,0,0,37,47,29,,,,,,,,,
USW00014821,"JOHN GLENN INTERNATIONAL AIRPORT, OH US",39.9907,-82.877,248.7,11/3/20,,,0,0,0,44,62,32,,,,,,,,,
USW00014821,"JOHN GLENN INTERNATIONAL AIRPORT, OH US",39.9907,-82.877,248.7,11/4/20,,,0,0,0,53,69,38,,,,,,,,,
USW00014821,"JOHN GLENN INTERNATIONAL AIRPORT, OH US",39.9907,-82.877,248.7,11/5/20,,,0,0,0,55,68,43,,,,,,,,,
USW00014821,"JOHN GLENN INTERNATIONAL AIRPORT, OH US",39.9907,-82.877,248.7,11/6/20,,,0,0,0,55,69,40,,,,,,,,1,
USW00014821,"JOHN GLENN INTERNATIONAL AIRPORT, OH US",39.9907,-82.877,248.7,11/7/20,,,0,0,0,54,72,38,,1,,,,,,1,
USW00014821,"JOHN GLENN INTERNATIONAL AIRPORT, OH US",39.9907,-82.877,248.7,11/8/20,,,0,0,0,58,78,43,,,,,,,,,
USW00014821,"JOHN GLENN INTERNATIONAL AIRPORT, OH US",39.9907,-82.877,248.7,11/9/20,,,0,0,0,61,76,47,,,,,,,,,
USW00014821,"JOHN GLENN INTERNATIONAL AIRPORT, OH US",39.9907,-82.877,248.7,11/10/20,,,0.05,0,0,66,78,55,,,,,,,,,
USW00014821,"JOHN GLENN INTERNATIONAL AIRPORT, OH US",39.9907,-82.877,248.7,11/11/20,,,0.76,0,0,61,64,38,,1,,,,,,,
USW00014821,"JOHN GLENN INTERNATIONAL AIRPORT, OH US",39.9907,-82.877,248.7,11/12/20,,,0,0,0,43,55,33,,,,,,,,,
USW00014821,"JOHN GLENN INTERNATIONAL AIRPORT, OH US",39.9907,-82.877,248.7,11/13/20,,,0,0,0,44,57,34,,,,,,,,,
USW00014821,"JOHN GLENN INTERNATIONAL AIRPORT, OH US",39.9907,-82.877,248.7,11/14/20,,,0,0,0,38,51,26,,1,,,,,,,
USW00014821,"JOHN GLENN INTERNATIONAL AIRPORT, OH US",39.9907,-82.877,248.7,11/15/20,,,0.18,0,0,52,61,45,,,,1,,,,,
USW00014821,"JOHN GLENN INTERNATIONAL AIRPORT, OH US",39.9907,-82.877,248.7,11/16/20,,,0,0,0,44,50,36,,,,,,,,,
USW00014821,"JOHN GLENN INTERNATIONAL AIRPORT, OH US",39.9907,-82.877,248.7,11/17/20,,,0,0,0,41,45,34,,,,,,,,,
USW00014821,"JOHN GLENN INTERNATIONAL AIRPORT, OH US",39.9907,-82.877,248.7,11/18/20,,,0,0,0,35,43,25,,,,,,,,,
USW00014821,"JOHN GLENN INTERNATIONAL AIRPORT, OH US",39.9907,-82.877,248.7,11/19/20,,,0,0,0,46,65,36,,,,,,,,,
USW00014821,"JOHN GLENN INTERNATIONAL AIRPORT, OH US",39.9907,-82.877,248.7,11/20/20,,,0,0,0,55,63,48,,,,,,,,,
USW00014821,"JOHN GLENN INTERNATIONAL AIRPORT, OH US",39.9907,-82.877,248.7,11/21/20,,,0.13,0,0,49,52,44,,1,,,,,,,
USW00014821,"JOHN GLENN INTERNATIONAL AIRPORT, OH US",39.9907,-82.877,248.7,11/22/20,,,0.45,0,0,43,48,36,,1,,,,,,,
USW00014821,"JOHN GLENN INTERNATIONAL AIRPORT, OH US",39.9907,-82.877,248.7,11/23/20,,,0,0,0,40,49,34,,,,,,,,,
USW00014821,"JOHN GLENN INTERNATIONAL AIRPORT, OH US",39.9907,-82.877,248.7,11/24/20,,,0,0,0,38,44,31,,,,,,,,,
USW00014821,"JOHN GLENN INTERNATIONAL AIRPORT, OH US",39.9907,-82.877,248.7,11/25/20,,,0.89,0,0,44,56,39,,1,,,,,,,
USW00014821,"JOHN GLENN INTERNATIONAL AIRPORT, OH US",39.9907,-82.877,248.7,11/26/20,,,0,0,0,53,54,48,,,,,,,,,
USW00014821,"JOHN GLENN INTERNATIONAL AIRPORT, OH US",39.9907,-82.877,248.7,11/27/20,,,0,0,0,49,53,41,,,,,,,,,
USW00014821,"JOHN GLENN INTERNATIONAL AIRPORT, OH US",39.9907,-82.877,248.7,11/28/20,,,0,0,0,42,47,33,,1,,,,,,1,
USW00014821,"JOHN GLENN INTERNATIONAL AIRPORT, OH US",39.9907,-82.877,248.7,11/29/20,,,0.05,0,0,39,53,28,,1,,,,,,1,
USW00014821,"JOHN GLENN INTERNATIONAL AIRPORT, OH US",39.9907,-82.877,248.7,11/30/20,,,0.84,1.9,0,40,44,31,,1,,,,,,,
USW00014821,"JOHN GLENN INTERNATIONAL AIRPORT, OH US",39.9907,-82.877,248.7,12/1/20,,,0.08,0.8,2,31,33,29,,1,,,,,,,
USW00014821,"JOHN GLENN INTERNATIONAL AIRPORT, OH US",39.9907,-82.877,248.7,12/2/20,,,0,0,2,33,41,26,,,,,,,,,
USW00014821,"JOHN GLENN INTERNATIONAL AIRPORT, OH US",39.9907,-82.877,248.7,12/3/20,,,0,0,0,31,38,25,,,,,,,,,
USW00014821,"JOHN GLENN INTERNATIONAL AIRPORT, OH US",39.9907,-82.877,248.7,12/4/20,,,0,0,0,37,46,30,,,,,,,,,
USW00014821,"JOHN GLENN INTERNATIONAL AIRPORT, OH US",39.9907,-82.877,248.7,12/5/20,,,0,0,0,39,44,33,,,,,,,,,
USW00014821,"JOHN GLENN INTERNATIONAL AIRPORT, OH US",39.9907,-82.877,248.7,12/6/20,,,0,0,0,33,36,26,,,,,,,,,
USW00014821,"JOHN GLENN INTERNATIONAL AIRPORT, OH US",39.9907,-82.877,248.7,12/7/20,,,0,0,0,32,34,31,,1,,,,,,,
USW00014821,"JOHN GLENN INTERNATIONAL AIRPORT, OH US",39.9907,-82.877,248.7,12/8/20,,,0,0,0,33,36,29,,,,,,,,,
USW00014821,"JOHN GLENN INTERNATIONAL AIRPORT, OH US",39.9907,-82.877,248.7,12/9/20,,,0,0,0,37,50,31,,1,,,,,,1,
USW00014821,"JOHN GLENN INTERNATIONAL AIRPORT, OH US",39.9907,-82.877,248.7,12/10/20,,,0,0,0,38,54,27,,1,,,,,,1,
USW00014821,"JOHN GLENN INTERNATIONAL AIRPORT, OH US",39.9907,-82.877,248.7,12/11/20,,,0,0,0,47,63,33,,,,,,,,,
USW00014821,"JOHN GLENN INTERNATIONAL AIRPORT, OH US",39.9907,-82.877,248.7,12/12/20,,,0.11,0,0,53,59,43,,1,,,,,,,
USW00014821,"JOHN GLENN INTERNATIONAL AIRPORT, OH US",39.9907,-82.877,248.7,12/13/20,,,0,0,0,41,44,36,,,,,,,,,
USW00014821,"JOHN GLENN INTERNATIONAL AIRPORT, OH US",39.9907,-82.877,248.7,12/14/20,,,0,0,0,36,38,26,,,,,,,,,
USW00014821,"JOHN GLENN INTERNATIONAL AIRPORT, OH US",39.9907,-82.877,248.7,12/15/20,,,0,0,0,29,35,22,,,,,,,,,
USW00014821,"JOHN GLENN INTERNATIONAL AIRPORT, OH US",39.9907,-82.877,248.7,12/16/20,,,0.26,2.8,0,31,33,29,,1,,,,,,,
USW00014821,"JOHN GLENN INTERNATIONAL AIRPORT, OH US",39.9907,-82.877,248.7,12/17/20,,,0.05,0.6,3.1,31,32,29,,1,,,,,,,
USW00014821,"JOHN GLENN INTERNATIONAL AIRPORT, OH US",39.9907,-82.877,248.7,12/18/20,,,0,0.1,3.1,30,35,28,,1,,,,,,1,
USW00014821,"JOHN GLENN INTERNATIONAL AIRPORT, OH US",39.9907,-82.877,248.7,12/19/20,,,0.15,0,2,33,40,29,,1,,,,,,,
USW00014821,"JOHN GLENN INTERNATIONAL AIRPORT, OH US",39.9907,-82.877,248.7,12/20/20,,,0.14,0,0,38,42,31,,1,,,,,,,
USW00014821,"JOHN GLENN INTERNATIONAL AIRPORT, OH US",39.9907,-82.877,248.7,12/21/20,,,0.07,0,0,36,43,32,,1,,,,,,,
USW00014821,"JOHN GLENN INTERNATIONAL AIRPORT, OH US",39.9907,-82.877,248.7,12/22/20,,,0.01,0,0,39,44,30,,,,,,,,,
USW00014821,"JOHN GLENN INTERNATIONAL AIRPORT, OH US",39.9907,-82.877,248.7,12/23/20,,,0,0,0,39,54,31,,,,,,,,,
USW00014821,"JOHN GLENN INTERNATIONAL AIRPORT, OH US",39.9907,-82.877,248.7,12/24/20,,,0.5,3.4,0,42,53,17,,1,,,,,1,,
USW00014821,"JOHN GLENN INTERNATIONAL AIRPORT, OH US",39.9907,-82.877,248.7,12/25/20,,,0.02,0.2,3.1,17,18,14,,1,,,,,,1,
USW00014821,"JOHN GLENN INTERNATIONAL AIRPORT, OH US",39.9907,-82.877,248.7,12/26/20,,,0,0,3.9,18,27,13,,,,,,,,1,
USW00014821,"JOHN GLENN INTERNATIONAL AIRPORT, OH US",39.9907,-82.877,248.7,12/27/20,,,0,0,2,26,47,13,,,,,,,,,
USW00014821,"JOHN GLENN INTERNATIONAL AIRPORT, OH US",39.9907,-82.877,248.7,12/28/20,,,0,0,0,40,48,31,,1,,,,,,1,
USW00014821,"JOHN GLENN INTERNATIONAL AIRPORT, OH US",39.9907,-82.877,248.7,12/29/20,,,0,0,0,31,36,23,,,,,,,,,
USW00014821,"JOHN GLENN INTERNATIONAL AIRPORT, OH US",39.9907,-82.877,248.7,12/30/20,,,0.74,0,0,39,50,32,,1,,,,,,,
USW00014821,"JOHN GLENN INTERNATIONAL AIRPORT, OH US",39.9907,-82.877,248.7,12/31/20,,,0.11,0.6,1.2,34,34,29,,1,,,1,,,1,
USW00014821,"JOHN GLENN INTERNATIONAL AIRPORT, OH US",39.9907,-82.877,248.7,1/1/21,,,1.04,0,0,33,51,27,,1,,,1,,1,,
USW00014821,"JOHN GLENN INTERNATIONAL AIRPORT, OH US",39.9907,-82.877,248.7,1/2/21,,,0,0,0,42,47,37,,1,,,,,,,
USW00014821,"JOHN GLENN INTERNATIONAL AIRPORT, OH US",39.9907,-82.877,248.7,1/3/21,,,0.08,0,0,39,40,34,,1,1,,,,,,
USW00014821,"JOHN GLENN INTERNATIONAL AIRPORT, OH US",39.9907,-82.877,248.7,1/4/21,,,0,0,0,35,36,29,,1,,,,,,,
USW00014821,"JOHN GLENN INTERNATIONAL AIRPORT, OH US",39.9907,-82.877,248.7,1/5/21,,,0,0,0,32,36,27,,1,,,,,,1,
USW00014821,"JOHN GLENN INTERNATIONAL AIRPORT, OH US",39.9907,-82.877,248.7,1/6/21,,,0,0,0,35,37,34,,1,,,,,,1,
USW00014821,"JOHN GLENN INTERNATIONAL AIRPORT, OH US",39.9907,-82.877,248.7,1/7/21,,,0,0,0,35,37,32,,,,,,,,,
USW00014821,"JOHN GLENN INTERNATIONAL AIRPORT, OH US",39.9907,-82.877,248.7,1/8/21,,,0,0,0,33,39,28,,,,,,,,,
USW00014821,"JOHN GLENN INTERNATIONAL AIRPORT, OH US",39.9907,-82.877,248.7,1/9/21,,,0,0,0,31,40,26,,,,,,,,,
USW00014821,"JOHN GLENN INTERNATIONAL AIRPORT, OH US",39.9907,-82.877,248.7,1/10/21,,,0,0,0,29,41,20,,1,,,,,,1,
USW00014821,"JOHN GLENN INTERNATIONAL AIRPORT, OH US",39.9907,-82.877,248.7,1/11/21,,,0,0,0,30,32,24,,1,,,,,,1,
USW00014821,"JOHN GLENN INTERNATIONAL AIRPORT, OH US",39.9907,-82.877,248.7,1/12/21,,,0,0,0,26,29,23,,1,,,,,,1,
USW00014821,"JOHN GLENN INTERNATIONAL AIRPORT, OH US",39.9907,-82.877,248.7,1/13/21,,,0,0,0,31,45,22,,1,,,,,,1,
USW00014821,"JOHN GLENN INTERNATIONAL AIRPORT, OH US",39.9907,-82.877,248.7,1/14/21,,,0,0,0,39,46,32,,,,,,,,,
USW00014821,"JOHN GLENN INTERNATIONAL AIRPORT, OH US",39.9907,-82.877,248.7,1/15/21,,,0.24,0.2,0,40,43,30,,1,,,,,,,
USW00014821,"JOHN GLENN INTERNATIONAL AIRPORT, OH US",39.9907,-82.877,248.7,1/16/21,,,0.04,0.4,0,32,35,30,,1,,,,,,,
USW00014821,"JOHN GLENN INTERNATIONAL AIRPORT, OH US",39.9907,-82.877,248.7,1/17/21,,,0.07,0.6,0,34,35,31,,1,,,,,,,
USW00014821,"JOHN GLENN INTERNATIONAL AIRPORT, OH US",39.9907,-82.877,248.7,1/18/21,,,0.01,0.2,0,31,32,30,,1,,,,,,,
USW00014821,"JOHN GLENN INTERNATIONAL AIRPORT, OH US",39.9907,-82.877,248.7,1/19/21,,,0,0,0,32,39,24,,1,,,,,,,
USW00014821,"JOHN GLENN INTERNATIONAL AIRPORT, OH US",39.9907,-82.877,248.7,1/20/21,,,0,0,0,33,37,27,,1,,,,,,1,
USW00014821,"JOHN GLENN INTERNATIONAL AIRPORT, OH US",39.9907,-82.877,248.7,1/21/21,,,0,0,0,35,48,28,,,,,,,,,
USW00014821,"JOHN GLENN INTERNATIONAL AIRPORT, OH US",39.9907,-82.877,248.7,1/22/21,,,0,0,0,34,37,20,,,,,,,,,
USW00014821,"JOHN GLENN INTERNATIONAL AIRPORT, OH US",39.9907,-82.877,248.7,1/23/21,,,0,0,0,23,31,16,,,,,,,,,
USW00014821,"JOHN GLENN INTERNATIONAL AIRPORT, OH US",39.9907,-82.877,248.7,1/24/21,,,0.01,0,0,26,31,22,,1,,,,,1,,
USW00014821,"JOHN GLENN INTERNATIONAL AIRPORT, OH US",39.9907,-82.877,248.7,1/25/21,,,0.06,0,0,30,34,29,,1,,,,,,,
USW00014821,"JOHN GLENN INTERNATIONAL AIRPORT, OH US",39.9907,-82.877,248.7,1/26/21,,,0.05,0,0,36,44,33,,1,1,,,,,,
USW00014821,"JOHN GLENN INTERNATIONAL AIRPORT, OH US",39.9907,-82.877,248.7,1/27/21,,,0,0,0,33,34,25,,,,,,,,1,
USW00014821,"JOHN GLENN INTERNATIONAL AIRPORT, OH US",39.9907,-82.877,248.7,1/28/21,,,0,0,0,24,25,19,,,,,,,,,
USW00014821,"JOHN GLENN INTERNATIONAL AIRPORT, OH US",39.9907,-82.877,248.7,1/29/21,,,0,0,0,25,32,18,,,,,,,,,
USW00014821,"JOHN GLENN INTERNATIONAL AIRPORT, OH US",39.9907,-82.877,248.7,1/30/21,,,0.05,0.4,0,26,35,20,,1,,,,,,,
USW00014821,"JOHN GLENN INTERNATIONAL AIRPORT, OH US",39.9907,-82.877,248.7,1/31/21,,,0.6,2.3,3.1,33,36,28,,1,,,,,,,
USW00014821,"JOHN GLENN INTERNATIONAL AIRPORT, OH US",39.9907,-82.877,248.7,2/1/21,,,0.11,2.3,2,30,32,26,,1,,,,,,,
USW00014821,"JOHN GLENN INTERNATIONAL AIRPORT, OH US",39.9907,-82.877,248.7,2/2/21,,,0.05,1,3.9,26,28,23,,1,,,,,,,
USW00014821,"JOHN GLENN INTERNATIONAL AIRPORT, OH US",39.9907,-82.877,248.7,2/3/21,,,0,0,3.1,25,32,16,,1,,,,,,,
USW00014821,"JOHN GLENN INTERNATIONAL AIRPORT, OH US",39.9907,-82.877,248.7,2/4/21,,,0.15,0.5,2,24,37,14,,1,1,,,,,1,
USW00014821,"JOHN GLENN INTERNATIONAL AIRPORT, OH US",39.9907,-82.877,248.7,2/5/21,,,0,0,2,31,37,25,,1,,,,,,,
USW00014821,"JOHN GLENN INTERNATIONAL AIRPORT, OH US",39.9907,-82.877,248.7,2/6/21,,,0,0,0,24,30,16,,,,,,,,,
USW00014821,"JOHN GLENN INTERNATIONAL AIRPORT, OH US",39.9907,-82.877,248.7,2/7/21,,,0,0,0,19,23,12,,1,,,,,,,
USW00014821,"JOHN GLENN INTERNATIONAL AIRPORT, OH US",39.9907,-82.877,248.7,2/8/21,,,0.04,0.9,0,18,31,12,,1,,,,,,,
USW00014821,"JOHN GLENN INTERNATIONAL AIRPORT, OH US",39.9907,-82.877,248.7,2/9/21,,,0.17,1.6,2,26,27,16,,1,,,,,,1,
USW00014821,"JOHN GLENN INTERNATIONAL AIRPORT, OH US",39.9907,-82.877,248.7,2/10/21,,,0.11,1.6,3.1,19,24,13,,1,,,,,,1,
USW00014821,"JOHN GLENN INTERNATIONAL AIRPORT, OH US",39.9907,-82.877,248.7,2/11/21,,,0.02,0.2,3.9,22,26,19,,1,,,,,,1,
USW00014821,"JOHN GLENN INTERNATIONAL AIRPORT, OH US",39.9907,-82.877,248.7,2/12/21,,,0,0,3.9,25,30,21,,,,,,,,1,
USW00014821,"JOHN GLENN INTERNATIONAL AIRPORT, OH US",39.9907,-82.877,248.7,2/13/21,,,0.01,0,2,25,28,22,,1,,,,,,1,
USW00014821,"JOHN GLENN INTERNATIONAL AIRPORT, OH US",39.9907,-82.877,248.7,2/14/21,,,0,0,2,23,27,19,,1,,,,,,1,
USW00014821,"JOHN GLENN INTERNATIONAL AIRPORT, OH US",39.9907,-82.877,248.7,2/15/21,,,0.49,1.9,3.1,22,25,19,,1,,,1,,1,1,
USW00014821,"JOHN GLENN INTERNATIONAL AIRPORT, OH US",39.9907,-82.877,248.7,2/16/21,,,0.06,0.6,3.9,20,23,10,,1,,,,,,,
USW00014821,"JOHN GLENN INTERNATIONAL AIRPORT, OH US",39.9907,-82.877,248.7,2/17/21,,,0,0,3.9,14,24,5,,1,,,,,,,
USW00014821,"JOHN GLENN INTERNATIONAL AIRPORT, OH US",39.9907,-82.877,248.7,2/18/21,,,0.12,1.5,5.1,24,30,21,,1,,,,,,1,
USW00014821,"JOHN GLENN INTERNATIONAL AIRPORT, OH US",39.9907,-82.877,248.7,2/19/21,,,0,0,5.1,23,24,15,,1,,,,,,1,
USW00014821,"JOHN GLENN INTERNATIONAL AIRPORT, OH US",39.9907,-82.877,248.7,2/20/21,,,0,0,5.1,20,26,12,,,,,,,,1,
USW00014821,"JOHN GLENN INTERNATIONAL AIRPORT, OH US",39.9907,-82.877,248.7,2/21/21,,,0,0,5.1,21,37,6,,1,,,,,,1,
USW00014821,"JOHN GLENN INTERNATIONAL AIRPORT, OH US",39.9907,-82.877,248.7,2/22/21,,,0,0,3.9,38,43,35,,1,,,,,,,
USW00014821,"JOHN GLENN INTERNATIONAL AIRPORT, OH US",39.9907,-82.877,248.7,2/23/21,,,0,0,2,40,46,30,,,,,,,,,
USW00014821,"JOHN GLENN INTERNATIONAL AIRPORT, OH US",39.9907,-82.877,248.7,2/24/21,,,0.07,0,0,42,58,28,,,,,,,,1,
USW00014821,"JOHN GLENN INTERNATIONAL AIRPORT, OH US",39.9907,-82.877,248.7,2/25/21,,,0,0,0,37,44,26,,,,,,,,,
USW00014821,"JOHN GLENN INTERNATIONAL AIRPORT, OH US",39.9907,-82.877,248.7,2/26/21,,,0.02,0,0,35,45,27,,1,,,,,,1,
USW00014821,"JOHN GLENN INTERNATIONAL AIRPORT, OH US",39.9907,-82.877,248.7,2/27/21,,,0.05,0,0,45,52,41,,1,,,,,,,
USW00014821,"JOHN GLENN INTERNATIONAL AIRPORT, OH US",39.9907,-82.877,248.7,2/28/21,,,0.76,0,0,49,60,43,,1,,,,,,,
USW00014821,"JOHN GLENN INTERNATIONAL AIRPORT, OH US",39.9907,-82.877,248.7,3/1/21,,,0.04,0,0,45,56,28,,1,,,,,,1,
USW00014821,"JOHN GLENN INTERNATIONAL AIRPORT, OH US",39.9907,-82.877,248.7,3/2/21,,,0,0,0,30,41,20,,,,,,,,,
USW00014821,"JOHN GLENN INTERNATIONAL AIRPORT, OH US",39.9907,-82.877,248.7,3/3/21,,,0,0,0,39,60,25,,,,,,,,,
USW00014821,"JOHN GLENN INTERNATIONAL AIRPORT, OH US",39.9907,-82.877,248.7,3/4/21,,,0,0,0,39,44,24,,1,,,,,,1,
USW00014821,"JOHN GLENN INTERNATIONAL AIRPORT, OH US",39.9907,-82.877,248.7,3/5/21,,,0,0,0,30,42,19,,,,,,,,,
USW00014821,"JOHN GLENN INTERNATIONAL AIRPORT, OH US",39.9907,-82.877,248.7,3/6/21,,,0,0,0,35,44,26,,,,,,,,,
USW00014821,"JOHN GLENN INTERNATIONAL AIRPORT, OH US",39.9907,-82.877,248.7,3/7/21,,,0,0,0,34,45,24,,,,,,,,,
USW00014821,"JOHN GLENN INTERNATIONAL AIRPORT, OH US",39.9907,-82.877,248.7,3/8/21,,,0,0,0,38,63,22,,,,,,,,,
USW00014821,"JOHN GLENN INTERNATIONAL AIRPORT, OH US",39.9907,-82.877,248.7,3/9/21,,,0,0,0,51,66,37,,,,,,,,,
USW00014821,"JOHN GLENN INTERNATIONAL AIRPORT, OH US",39.9907,-82.877,248.7,3/10/21,,,0,0,0,56,72,39,,,,,,,,,
USW00014821,"JOHN GLENN INTERNATIONAL AIRPORT, OH US",39.9907,-82.877,248.7,3/11/21,,,0.46,0,0,63,66,56,,1,,,,,,,
USW00014821,"JOHN GLENN INTERNATIONAL AIRPORT, OH US",39.9907,-82.877,248.7,3/12/21,,,0.01,0,0,52,60,40,,1,,,,,,,
USW00014821,"JOHN GLENN INTERNATIONAL AIRPORT, OH US",39.9907,-82.877,248.7,3/13/21,,,0,0,0,43,52,30,,,,,,,,,
USW00014821,"JOHN GLENN INTERNATIONAL AIRPORT, OH US",39.9907,-82.877,248.7,3/14/21,,,0,0,0,42,56,29,,,,,,,,,
USW00014821,"JOHN GLENN INTERNATIONAL AIRPORT, OH US",39.9907,-82.877,248.7,3/15/21,,,0.02,0,0,33,40,26,,,,,,,,,
USW00014821,"JOHN GLENN INTERNATIONAL AIRPORT, OH US",39.9907,-82.877,248.7,3/16/21,,,0.07,0,0,44,55,39,,1,,,,,,,
USW00014821,"JOHN GLENN INTERNATIONAL AIRPORT, OH US",39.9907,-82.877,248.7,3/17/21,,,0,0,0,51,64,37,,1,,,,,,1,
USW00014821,"JOHN GLENN INTERNATIONAL AIRPORT, OH US",39.9907,-82.877,248.7,3/18/21,,,1.12,0,0,51,54,39,,1,,,,,,,
USW00014821,"JOHN GLENN INTERNATIONAL AIRPORT, OH US",39.9907,-82.877,248.7,3/19/21,,,0,0,0,40,50,31,,,,,,,,,
USW00014821,"JOHN GLENN INTERNATIONAL AIRPORT, OH US",39.9907,-82.877,248.7,3/20/21,,,0,0,0,41,60,26,,,,,,,,,
USW00014821,"JOHN GLENN INTERNATIONAL AIRPORT, OH US",39.9907,-82.877,248.7,3/21/21,,,0,0,0,50,66,37,,,,,,,,,
USW00014821,"JOHN GLENN INTERNATIONAL AIRPORT, OH US",39.9907,-82.877,248.7,3/22/21,,,0,0,0,55,70,40,,,,,,,,,
USW00014821,"JOHN GLENN INTERNATIONAL AIRPORT, OH US",39.9907,-82.877,248.7,3/23/21,,,0,0,0,58,70,49,,,,,,,,,
USW00014821,"JOHN GLENN INTERNATIONAL AIRPORT, OH US",39.9907,-82.877,248.7,3/24/21,,,0,0,0,64,75,55,,,,,,,,,
USW00014821,"JOHN GLENN INTERNATIONAL AIRPORT, OH US",39.9907,-82.877,248.7,3/25/21,,,0.02,0,0,60,72,45,,,,,,,,,
USW00014821,"JOHN GLENN INTERNATIONAL AIRPORT, OH US",39.9907,-82.877,248.7,3/26/21,,,0,0,0,59,65,49,,,,,,,,,
USW00014821,"JOHN GLENN INTERNATIONAL AIRPORT, OH US",39.9907,-82.877,248.7,3/27/21,,,0,0,0,56,71,41,,1,,,,,,,
USW00014821,"JOHN GLENN INTERNATIONAL AIRPORT, OH US",39.9907,-82.877,248.7,3/28/21,,,0.71,0,0,53,59,36,,1,,1,,,,,
USW00014821,"JOHN GLENN INTERNATIONAL AIRPORT, OH US",39.9907,-82.877,248.7,3/29/21,,,0,0,0,41,54,30,,,,,,,,,
USW00014821,"JOHN GLENN INTERNATIONAL AIRPORT, OH US",39.9907,-82.877,248.7,3/30/21,,,0,0,0,55,74,41,,,,,,,,,
USW00014821,"JOHN GLENN INTERNATIONAL AIRPORT, OH US",39.9907,-82.877,248.7,3/31/21,,,0.4,0,0,55,63,37,,1,,,,,,,
USW00014821,"JOHN GLENN INTERNATIONAL AIRPORT, OH US",39.9907,-82.877,248.7,4/1/21,,,0,0,0,35,37,27,,,,,,,,,
USW00014821,"JOHN GLENN INTERNATIONAL AIRPORT, OH US",39.9907,-82.877,248.7,4/2/21,,,0,0,0,33,46,21,,,,,,,,,
USW00014821,"JOHN GLENN INTERNATIONAL AIRPORT, OH US",39.9907,-82.877,248.7,4/3/21,,,0,0,0,40,60,26,,,,,,,,,
USW00014821,"JOHN GLENN INTERNATIONAL AIRPORT, OH US",39.9907,-82.877,248.7,4/4/21,,,0,0,0,54,73,38,,,,,,,,,
USW00014821,"JOHN GLENN INTERNATIONAL AIRPORT, OH US",39.9907,-82.877,248.7,4/5/21,,,0,0,0,60,74,46,,,,,,,,,
USW00014821,"JOHN GLENN INTERNATIONAL AIRPORT, OH US",39.9907,-82.877,248.7,4/6/21,,,0,0,0,65,77,49,,,,,,,,,
USW00014821,"JOHN GLENN INTERNATIONAL AIRPORT, OH US",39.9907,-82.877,248.7,4/7/21,,,0,0,0,67,81,53,,,,,,,,,
USW00014821,"JOHN GLENN INTERNATIONAL AIRPORT, OH US",39.9907,-82.877,248.7,4/8/21,,,0.26,0,0,67,78,59,,1,,,,,,,
USW00014821,"JOHN GLENN INTERNATIONAL AIRPORT, OH US",39.9907,-82.877,248.7,4/9/21,,,0,0,0,63,78,54,,,,1,,,,,
USW00014821,"JOHN GLENN INTERNATIONAL AIRPORT, OH US",39.9907,-82.877,248.7,4/10/21,,,0.45,0,0,65,78,54,,1,,,,,,,
USW00014821,"JOHN GLENN INTERNATIONAL AIRPORT, OH US",39.9907,-82.877,248.7,4/11/21,,,0.24,0,0,56,61,50,,1,,,,,,,
USW00014821,"JOHN GLENN INTERNATIONAL AIRPORT, OH US",39.9907,-82.877,248.7,4/12/21,,,0,0,0,53,60,48,,,,,,,,,
USW00014821,"JOHN GLENN INTERNATIONAL AIRPORT, OH US",39.9907,-82.877,248.7,4/13/21,,,0,0,0,54,66,41,,1,,,,,,,
USW00014821,"JOHN GLENN INTERNATIONAL AIRPORT, OH US",39.9907,-82.877,248.7,4/14/21,,,0,0,0,55,63,48,,,,,,,,,
USW00014821,"JOHN GLENN INTERNATIONAL AIRPORT, OH US",39.9907,-82.877,248.7,4/15/21,,,0,0,0,47,50,41,,,,,,,,,
USW00014821,"JOHN GLENN INTERNATIONAL AIRPORT, OH US",39.9907,-82.877,248.7,4/16/21,,,0,0,0,46,59,36,,,,,,,,,
USW00014821,"JOHN GLENN INTERNATIONAL AIRPORT, OH US",39.9907,-82.877,248.7,4/17/21,,,0,0,0,49,60,36,,,,,,,,,
USW00014821,"JOHN GLENN INTERNATIONAL AIRPORT, OH US",39.9907,-82.877,248.7,4/18/21,,,0,0,0,52,64,40,,1,,,,,,,
USW00014821,"JOHN GLENN INTERNATIONAL AIRPORT, OH US",39.9907,-82.877,248.7,4/19/21,,,0,0,0,53,68,38,,,,,,,,,
USW00014821,"JOHN GLENN INTERNATIONAL AIRPORT, OH US",39.9907,-82.877,248.7,4/20/21,,,0.04,0,0,51,61,34,,1,,,,,,,
USW00014821,"JOHN GLENN INTERNATIONAL AIRPORT, OH US",39.9907,-82.877,248.7,4/21/21,,,0.27,1.2,1.2,38,44,32,,1,,,,,,,
USW00014821,"JOHN GLENN INTERNATIONAL AIRPORT, OH US",39.9907,-82.877,248.7,4/22/21,,,0.01,0,0,39,50,30,,1,,,,,,,
USW00014821,"JOHN GLENN INTERNATIONAL AIRPORT, OH US",39.9907,-82.877,248.7,4/23/21,,,0,0,0,45,60,32,,,,,,,,,
USW00014821,"JOHN GLENN INTERNATIONAL AIRPORT, OH US",39.9907,-82.877,248.7,4/24/21,,,0.06,0,0,49,57,40,,,,,,,,,
USW00014821,"JOHN GLENN INTERNATIONAL AIRPORT, OH US",39.9907,-82.877,248.7,4/25/21,,,0,0,0,51,61,39,,1,,,,,,1,
USW00014821,"JOHN GLENN INTERNATIONAL AIRPORT, OH US",39.9907,-82.877,248.7,4/26/21,,,0,0,0,51,70,37,,,,,,,,,
USW00014821,"JOHN GLENN INTERNATIONAL AIRPORT, OH US",39.9907,-82.877,248.7,4/27/21,,,0,0,0,67,83,49,,,,,,,,,
USW00014821,"JOHN GLENN INTERNATIONAL AIRPORT, OH US",39.9907,-82.877,248.7,4/28/21,,,0.01,0,0,72,80,65,,,,1,,,,1,
USW00014821,"JOHN GLENN INTERNATIONAL AIRPORT, OH US",39.9907,-82.877,248.7,4/29/21,,,1.88,0,0,65,70,51,,1,,,,,,,
USW00014821,"JOHN GLENN INTERNATIONAL AIRPORT, OH US",39.9907,-82.877,248.7,4/30/21,,,0.06,0,0,55,63,45,,,,1,,,,,
USW00014821,"JOHN GLENN INTERNATIONAL AIRPORT, OH US",39.9907,-82.877,248.7,5/1/21,,,0,0,0,51,69,34,,,,,,,,,
USW00014821,"JOHN GLENN INTERNATIONAL AIRPORT, OH US",39.9907,-82.877,248.7,5/2/21,,,0,0,0,66,80,54,,,,,,,,,
USW00014821,"JOHN GLENN INTERNATIONAL AIRPORT, OH US",39.9907,-82.877,248.7,5/3/21,,,0.19,0,0,62,69,55,,1,,,,,,,
USW00014821,"JOHN GLENN INTERNATIONAL AIRPORT, OH US",39.9907,-82.877,248.7,5/4/21,,,0.5,0,0,66,70,56,,1,,1,,,,,
USW00014821,"JOHN GLENN INTERNATIONAL AIRPORT, OH US",39.9907,-82.877,248.7,5/5/21,,,0.1,0,0,55,60,41,,1,,,,,,,
USW00014821,"JOHN GLENN INTERNATIONAL AIRPORT, OH US",39.9907,-82.877,248.7,5/6/21,,,0.12,0,0,49,62,37,,1,,,,,,1,
USW00014821,"JOHN GLENN INTERNATIONAL AIRPORT, OH US",39.9907,-82.877,248.7,5/7/21,,,0.7,0,0,51,60,43,,1,,1,,,,1,
USW00014821,"JOHN GLENN INTERNATIONAL AIRPORT, OH US",39.9907,-82.877,248.7,5/8/21,,,0,0,0,46,57,37,,1,,,,,,1,
USW00014821,"JOHN GLENN INTERNATIONAL AIRPORT, OH US",39.9907,-82.877,248.7,5/9/21,,,1.43,0,0,47,51,39,,1,,,,,,,
USW00014821,"JOHN GLENN INTERNATIONAL AIRPORT, OH US",39.9907,-82.877,248.7,5/10/21,,,0,0,0,47,61,38,,1,,,,,,,
USW00014821,"JOHN GLENN INTERNATIONAL AIRPORT, OH US",39.9907,-82.877,248.7,5/11/21,,,0,0,0,51,57,39,,,,,,,,,
USW00014821,"JOHN GLENN INTERNATIONAL AIRPORT, OH US",39.9907,-82.877,248.7,5/12/21,,,0,0,0,49,63,35,,,,,,,,,
USW00014821,"JOHN GLENN INTERNATIONAL AIRPORT, OH US",39.9907,-82.877,248.7,5/13/21,,,0,0,0,53,68,36,,,,,,,,,
USW00014821,"JOHN GLENN INTERNATIONAL AIRPORT, OH US",39.9907,-82.877,248.7,5/14/21,,,0,0,0,55,70,39,,,,,,,,,
USW00014821,"JOHN GLENN INTERNATIONAL AIRPORT, OH US",39.9907,-82.877,248.7,5/15/21,,,0,0,0,58,73,40,,,,,,,,,
USW00014821,"JOHN GLENN INTERNATIONAL AIRPORT, OH US",39.9907,-82.877,248.7,5/16/21,,,0,0,0,65,75,56,,,,,,,,,
USW00014821,"JOHN GLENN INTERNATIONAL AIRPORT, OH US",39.9907,-82.877,248.7,5/17/21,,,0,0,0,61,67,53,,,,,,,,,
USW00014821,"JOHN GLENN INTERNATIONAL AIRPORT, OH US",39.9907,-82.877,248.7,5/18/21,,,0,0,0,66,80,52,,1,,,,,,,
USW00014821,"JOHN GLENN INTERNATIONAL AIRPORT, OH US",39.9907,-82.877,248.7,5/19/21,,,0,0,0,71,84,55,,,,,,,,1,
USW00014821,"JOHN GLENN INTERNATIONAL AIRPORT, OH US",39.9907,-82.877,248.7,5/20/21,,,0,0,0,74,87,61,,,,,,,,,
USW00014821,"JOHN GLENN INTERNATIONAL AIRPORT, OH US",39.9907,-82.877,248.7,5/21/21,,,0,0,0,75,88,62,,,,,,,,,
USW00014821,"JOHN GLENN INTERNATIONAL AIRPORT, OH US",39.9907,-82.877,248.7,5/22/21,,,0,0,0,74,87,59,,,,,,,,,
USW00014821,"JOHN GLENN INTERNATIONAL AIRPORT, OH US",39.9907,-82.877,248.7,5/23/21,,,0,0,0,76,89,60,,,,,,,,,
USW00014821,"JOHN GLENN INTERNATIONAL AIRPORT, OH US",39.9907,-82.877,248.7,5/24/21,,,0,0,0,77,86,69,,,,,,,,,
USW00014821,"JOHN GLENN INTERNATIONAL AIRPORT, OH US",39.9907,-82.877,248.7,5/25/21,,,0,0,0,79,91,68,,,,,,,,,
USW00014821,"JOHN GLENN INTERNATIONAL AIRPORT, OH US",39.9907,-82.877,248.7,5/26/21,,,0.17,0,0,75,85,65,,1,,,,,,,
USW00014821,"JOHN GLENN INTERNATIONAL AIRPORT, OH US",39.9907,-82.877,248.7,5/27/21,,,0,0,0,69,80,57,,1,1,,,,,,
USW00014821,"JOHN GLENN INTERNATIONAL AIRPORT, OH US",39.9907,-82.877,248.7,5/28/21,,,0.25,0,0,65,68,48,,1,,,,,,,
USW00014821,"JOHN GLENN INTERNATIONAL AIRPORT, OH US",39.9907,-82.877,248.7,5/29/21,,,0,0,0,50,54,47,,1,,,,,,,
USW00014821,"JOHN GLENN INTERNATIONAL AIRPORT, OH US",39.9907,-82.877,248.7,5/30/21,,,0,0,0,55,69,47,,,,,,,,,
USW00014821,"JOHN GLENN INTERNATIONAL AIRPORT, OH US",39.9907,-82.877,248.7,5/31/21,,,0,0,0,58,75,42,,,,,,,,,
USW00014821,"JOHN GLENN INTERNATIONAL AIRPORT, OH US",39.9907,-82.877,248.7,6/1/21,,,0,0,0,66,77,54,,,,,,,,,
USW00014821,"JOHN GLENN INTERNATIONAL AIRPORT, OH US",39.9907,-82.877,248.7,6/2/21,,,0.17,0,0,67,68,62,,1,,,,,,1,
USW00014821,"JOHN GLENN INTERNATIONAL AIRPORT, OH US",39.9907,-82.877,248.7,6/3/21,,,0.34,0,0,66,71,63,,1,,1,,,,,
USW00014821,"JOHN GLENN INTERNATIONAL AIRPORT, OH US",39.9907,-82.877,248.7,6/4/21,,,0,0,0,70,85,58,,1,,,,,,,
USW00014821,"JOHN GLENN INTERNATIONAL AIRPORT, OH US",39.9907,-82.877,248.7,6/5/21,,,0,0,0,76,88,61,,,,,,,,,
USW00014821,"JOHN GLENN INTERNATIONAL AIRPORT, OH US",39.9907,-82.877,248.7,6/6/21,,,0.11,0,0,76,89,63,,1,,,,,,1,
USW00014821,"JOHN GLENN INTERNATIONAL AIRPORT, OH US",39.9907,-82.877,248.7,6/7/21,,,0.6,0,0,76,82,69,,1,,1,,,,,
USW00014821,"JOHN GLENN INTERNATIONAL AIRPORT, OH US",39.9907,-82.877,248.7,6/8/21,,,0.01,0,0,76,86,69,,,,1,,,,1,
USW00014821,"JOHN GLENN INTERNATIONAL AIRPORT, OH US",39.9907,-82.877,248.7,6/9/21,,,0.24,0,0,73,76,69,,1,,,,,,,
USW00014821,"JOHN GLENN INTERNATIONAL AIRPORT, OH US",39.9907,-82.877,248.7,6/10/21,,,0.03,0,0,74,84,67,,,,,,,,1,
USW00014821,"JOHN GLENN INTERNATIONAL AIRPORT, OH US",39.9907,-82.877,248.7,6/11/21,,,0,0,0,76,86,69,,1,1,1,,,,,
USW00014821,"JOHN GLENN INTERNATIONAL AIRPORT, OH US",39.9907,-82.877,248.7,6/12/21,,,0,0,0,78,91,67,,1,1,,,,,1,
USW00014821,"JOHN GLENN INTERNATIONAL AIRPORT, OH US",39.9907,-82.877,248.7,6/13/21,,,0,0,0,80,91,69,,1,,,,,,,
USW00014821,"JOHN GLENN INTERNATIONAL AIRPORT, OH US",39.9907,-82.877,248.7,6/14/21,,,0.01,0,0,76,91,60,,,,,,,,1,
USW00014821,"JOHN GLENN INTERNATIONAL AIRPORT, OH US",39.9907,-82.877,248.7,6/15/21,,,0,0,0,70,81,59,,,,,,,,,
USW00014821,"JOHN GLENN INTERNATIONAL AIRPORT, OH US",39.9907,-82.877,248.7,6/16/21,,,0,0,0,66,77,52,,,,,,,,,
USW00014821,"JOHN GLENN INTERNATIONAL AIRPORT, OH US",39.9907,-82.877,248.7,6/17/21,,,0,0,0,68,84,51,,,,,,,,,
USW00014821,"JOHN GLENN INTERNATIONAL AIRPORT, OH US",39.9907,-82.877,248.7,6/18/21,,,0.12,0,0,73,83,66,,1,,1,,,,,
USW00014821,"JOHN GLENN INTERNATIONAL AIRPORT, OH US",39.9907,-82.877,248.7,6/19/21,,,0.07,0,0,74,83,67,,1,,,,,,,
USW00014821,"JOHN GLENN INTERNATIONAL AIRPORT, OH US",39.9907,-82.877,248.7,6/20/21,,,0,0,0,79,90,73,,,,,,,,,
USW00014821,"JOHN GLENN INTERNATIONAL AIRPORT, OH US",39.9907,-82.877,248.7,6/21/21,,,0,0,0,80,87,62,,,,1,,,,,
USW00014821,"JOHN GLENN INTERNATIONAL AIRPORT, OH US",39.9907,-82.877,248.7,6/22/21,,,0,0,0,65,71,56,,,,,,,,,
USW00014821,"JOHN GLENN INTERNATIONAL AIRPORT, OH US",39.9907,-82.877,248.7,6/23/21,,,0,0,0,64,79,50,,,,,,,,,
USW00014821,"JOHN GLENN INTERNATIONAL AIRPORT, OH US",39.9907,-82.877,248.7,6/24/21,,,0,0,0,72,87,56,,,,,,,,,
USW00014821,"JOHN GLENN INTERNATIONAL AIRPORT, OH US",39.9907,-82.877,248.7,6/25/21,,,0,0,0,76,82,71,,,,,,,,,
USW00014821,"JOHN GLENN INTERNATIONAL AIRPORT, OH US",39.9907,-82.877,248.7,6/26/21,,,0,0,0,80,89,73,,,,,,,,,
USW00014821,"JOHN GLENN INTERNATIONAL AIRPORT, OH US",39.9907,-82.877,248.7,6/27/21,,,0,0,0,82,93,73,,,,,,,,,
USW00014821,"JOHN GLENN INTERNATIONAL AIRPORT, OH US",39.9907,-82.877,248.7,6/28/21,,,0,0,0,81,93,71,,,,1,,,,,
USW00014821,"JOHN GLENN INTERNATIONAL AIRPORT, OH US",39.9907,-82.877,248.7,6/29/21,,,0.49,0,0,82,96,71,,1,,1,,,,1,
USW00014821,"JOHN GLENN INTERNATIONAL AIRPORT, OH US",39.9907,-82.877,248.7,6/30/21,,,0.39,0,0,77,89,72,,1,,1,,,,,
USW00014821,"JOHN GLENN INTERNATIONAL AIRPORT, OH US",39.9907,-82.877,248.7,7/1/21,,,1.26,0,0,74,79,66,,1,,1,,,,1,
USW00014821,"JOHN GLENN INTERNATIONAL AIRPORT, OH US",39.9907,-82.877,248.7,7/2/21,,,0,0,0,68,77,60,,,,,,,,,
USW00014821,"JOHN GLENN INTERNATIONAL AIRPORT, OH US",39.9907,-82.877,248.7,7/3/21,,,0,0,0,68,81,56,,,,,,,,,
USW00014821,"JOHN GLENN INTERNATIONAL AIRPORT, OH US",39.9907,-82.877,248.7,7/4/21,,,0,0,0,76,88,65,,,,,,,,1,
USW00014821,"JOHN GLENN INTERNATIONAL AIRPORT, OH US",39.9907,-82.877,248.7,7/5/21,,,0,0,0,80,92,68,,1,,,,,,1,
USW00014821,"JOHN GLENN INTERNATIONAL AIRPORT, OH US",39.9907,-82.877,248.7,7/6/21,,,0,0,0,83,92,71,,1,,,,,,1,
USW00014821,"JOHN GLENN INTERNATIONAL AIRPORT, OH US",39.9907,-82.877,248.7,7/7/21,,,0.27,0,0,83,92,71,,1,,1,,,,1,
USW00014821,"JOHN GLENN INTERNATIONAL AIRPORT, OH US",39.9907,-82.877,248.7,7/8/21,,,0.16,0,0,76,86,71,,1,,1,,,,1,
USW00014821,"JOHN GLENN INTERNATIONAL AIRPORT, OH US",39.9907,-82.877,248.7,7/9/21,,,0,0,0,72,77,65,,1,,,,,,,
USW00014821,"JOHN GLENN INTERNATIONAL AIRPORT, OH US",39.9907,-82.877,248.7,7/10/21,,,0,0,0,70,75,61,,,,,,,,,
USW00014821,"JOHN GLENN INTERNATIONAL AIRPORT, OH US",39.9907,-82.877,248.7,7/11/21,,,1.11,0,0,72,80,68,,1,,,,,,,
USW00014821,"JOHN GLENN INTERNATIONAL AIRPORT, OH US",39.9907,-82.877,248.7,7/12/21,,,0.04,0,0,77,85,72,,1,,1,,,,,
USW00014821,"JOHN GLENN INTERNATIONAL AIRPORT, OH US",39.9907,-82.877,248.7,7/13/21,,,0.06,0,0,76,82,72,,1,,,,,,,
USW00014821,"JOHN GLENN INTERNATIONAL AIRPORT, OH US",39.9907,-82.877,248.7,7/14/21,,,0,0,0,76,86,70,,1,,,,,,,
USW00014821,"JOHN GLENN INTERNATIONAL AIRPORT, OH US",39.9907,-82.877,248.7,7/15/21,,,0,0,0,78,89,68,,,,,,,,,
USW00014821,"JOHN GLENN INTERNATIONAL AIRPORT, OH US",39.9907,-82.877,248.7,7/16/21,,,0.54,0,0,76,87,71,,1,,1,,,,,
USW00014821,"JOHN GLENN INTERNATIONAL AIRPORT, OH US",39.9907,-82.877,248.7,7/17/21,,,0.5,0,0,74,80,65,,1,,1,,,,,
USW00014821,"JOHN GLENN INTERNATIONAL AIRPORT, OH US",39.9907,-82.877,248.7,7/18/21,,,0,0,0,72,84,60,,1,,,,,,,
USW00014821,"JOHN GLENN INTERNATIONAL AIRPORT, OH US",39.9907,-82.877,248.7,7/19/21,,,0,0,0,74,85,63,,,,,,,,,
USW00014821,"JOHN GLENN INTERNATIONAL AIRPORT, OH US",39.9907,-82.877,248.7,7/20/21,,,0,0,0,76,87,65,,1,,,,,,1,
USW00014821,"JOHN GLENN INTERNATIONAL AIRPORT, OH US",39.9907,-82.877,248.7,7/21/21,,,0,0,0,73,79,62,,,,,,,,1,
USW00014821,"JOHN GLENN INTERNATIONAL AIRPORT, OH US",39.9907,-82.877,248.7,7/22/21,,,0,0,0,69,80,57,,,,,,,,,
USW00014821,"JOHN GLENN INTERNATIONAL AIRPORT, OH US",39.9907,-82.877,248.7,7/23/21,,,0,0,0,72,81,64,,,,,,,,,
USW00014821,"JOHN GLENN INTERNATIONAL AIRPORT, OH US",39.9907,-82.877,248.7,7/24/21,,,0,0,0,76,86,68,,,,,,,,,
USW00014821,"JOHN GLENN INTERNATIONAL AIRPORT, OH US",39.9907,-82.877,248.7,7/25/21,,,0.14,0,0,79,89,72,,1,,,,,,,
USW00014821,"JOHN GLENN INTERNATIONAL AIRPORT, OH US",39.9907,-82.877,248.7,7/26/21,,,0,0,0,80,90,69,,,,,,,,,
USW00014821,"JOHN GLENN INTERNATIONAL AIRPORT, OH US",39.9907,-82.877,248.7,7/27/21,,,0,0,0,77,91,63,,,,,,,,1,
USW00014821,"JOHN GLENN INTERNATIONAL AIRPORT, OH US",39.9907,-82.877,248.7,7/28/21,,,0,0,0,78,89,66,,,,,,,,,
USW00014821,"JOHN GLENN INTERNATIONAL AIRPORT, OH US",39.9907,-82.877,248.7,7/29/21,,,0.56,0,0,76,88,70,,1,,1,,,,1,
USW00014821,"JOHN GLENN INTERNATIONAL AIRPORT, OH US",39.9907,-82.877,248.7,7/30/21,,,0,0,0,75,81,66,,,,,,,,,
USW00014821,"JOHN GLENN INTERNATIONAL AIRPORT, OH US",39.9907,-82.877,248.7,7/31/21,,,0,0,0,71,78,63,,,,,,,,,
USW00014821,"JOHN GLENN INTERNATIONAL AIRPORT, OH US",39.9907,-82.877,248.7,8/1/21,,,0.17,0,0,71,81,61,,1,,1,,,,1,
USW00014821,"JOHN GLENN INTERNATIONAL AIRPORT, OH US",39.9907,-82.877,248.7,8/2/21,,,0,0,0,69,80,58,,,,,,,,1,
USW00014821,"JOHN GLENN INTERNATIONAL AIRPORT, OH US",39.9907,-82.877,248.7,8/3/21,,,0,0,0,71,83,59,,,,,,,,,
USW00014821,"JOHN GLENN INTERNATIONAL AIRPORT, OH US",39.9907,-82.877,248.7,8/4/21,,,0,0,0,72,85,61,,,,,,,,,
USW00014821,"JOHN GLENN INTERNATIONAL AIRPORT, OH US",39.9907,-82.877,248.7,8/5/21,,,0,0,0,74,87,61,,,,,,,,,
USW00014821,"JOHN GLENN INTERNATIONAL AIRPORT, OH US",39.9907,-82.877,248.7,8/6/21,,,0,0,0,77,87,64,,1,,,,,,1,
USW00014821,"JOHN GLENN INTERNATIONAL AIRPORT, OH US",39.9907,-82.877,248.7,8/7/21,,,0.8,0,0,75,87,66,,1,,1,,,,,
USW00014821,"JOHN GLENN INTERNATIONAL AIRPORT, OH US",39.9907,-82.877,248.7,8/8/21,,,0,0,0,74,89,63,,1,,,,,,1,
USW00014821,"JOHN GLENN INTERNATIONAL AIRPORT, OH US",39.9907,-82.877,248.7,8/9/21,,,0.16,0,0,78,87,71,,1,,,,,,1,
USW00014821,"JOHN GLENN INTERNATIONAL AIRPORT, OH US",39.9907,-82.877,248.7,8/10/21,,,0.02,0,0,77,86,70,,,,1,,,,,
USW00014821,"JOHN GLENN INTERNATIONAL AIRPORT, OH US",39.9907,-82.877,248.7,8/11/21,,,0.16,0,0,80,90,72,,,,1,,,,,
USW00014821,"JOHN GLENN INTERNATIONAL AIRPORT, OH US",39.9907,-82.877,248.7,8/12/21,,,0.06,0,0,81,92,72,,,,1,,,,,
USW00014821,"JOHN GLENN INTERNATIONAL AIRPORT, OH US",39.9907,-82.877,248.7,8/13/21,,,0.32,0,0,76,89,71,,1,,1,,,,,
USW00014821,"JOHN GLENN INTERNATIONAL AIRPORT, OH US",39.9907,-82.877,248.7,8/14/21,,,0.01,0,0,75,83,66,,1,,,,,,,
USW00014821,"JOHN GLENN INTERNATIONAL AIRPORT, OH US",39.9907,-82.877,248.7,8/15/21,,,0,0,0,70,77,64,,,,,,,,,
USW00014821,"JOHN GLENN INTERNATIONAL AIRPORT, OH US",39.9907,-82.877,248.7,8/16/21,,,1.55,0,0,71,80,67,,1,,,,,,,
USW00014821,"JOHN GLENN INTERNATIONAL AIRPORT, OH US",39.9907,-82.877,248.7,8/17/21,,,1.43,0,0,73,80,69,,1,,,,,,,
USW00014821,"JOHN GLENN INTERNATIONAL AIRPORT, OH US",39.9907,-82.877,248.7,8/18/21,,,0.07,0,0,76,87,70,,1,,,,,,,
USW00014821,"JOHN GLENN INTERNATIONAL AIRPORT, OH US",39.9907,-82.877,248.7,8/19/21,,,0.02,0,0,76,86,70,,1,,,,,,,
USW00014821,"JOHN GLENN INTERNATIONAL AIRPORT, OH US",39.9907,-82.877,248.7,8/20/21,,,0,0,0,76,88,65,,1,,,,,,,
USW00014821,"JOHN GLENN INTERNATIONAL AIRPORT, OH US",39.9907,-82.877,248.7,8/21/21,,,0,0,0,77,88,67,,1,,,,,,1,
USW00014821,"JOHN GLENN INTERNATIONAL AIRPORT, OH US",39.9907,-82.877,248.7,8/22/21,,,0,0,0,79,90,68,,,,,,,,,
USW00014821,"JOHN GLENN INTERNATIONAL AIRPORT, OH US",39.9907,-82.877,248.7,8/23/21,,,0,0,0,80,91,71,,1,,,,,,1,
USW00014821,"JOHN GLENN INTERNATIONAL AIRPORT, OH US",39.9907,-82.877,248.7,8/24/21,,,0,0,0,80,92,69,,,,,,,,,
USW00014821,"JOHN GLENN INTERNATIONAL AIRPORT, OH US",39.9907,-82.877,248.7,8/25/21,,,0.63,0,0,79,86,71,,1,,1,,,,,
USW00014821,"JOHN GLENN INTERNATIONAL AIRPORT, OH US",39.9907,-82.877,248.7,8/26/21,,,0.56,0,0,75,87,70,,1,,1,,,,1,
USW00014821,"JOHN GLENN INTERNATIONAL AIRPORT, OH US",39.9907,-82.877,248.7,8/27/21,,,0,0,0,78,91,68,,,,,,,,,
USW00014821,"JOHN GLENN INTERNATIONAL AIRPORT, OH US",39.9907,-82.877,248.7,8/28/21,,,0,0,0,79,89,71,,,,,,,,,